{
  "version": "3.3.0",
  "bpmEvents": [],
  "cameraEvents": [
    {
      "b": 1.75,
      "eType": "out",
      "eCurve": "linear",
      "t": "pos",
      "d": 22.75,
      "init": [
        0,
        0,
        0
      ],
      "final": [
        0,
        0,
        -50
      ]
    },
    {
      "b": 1.75,
      "eType": "out",
      "eCurve": "elastic",
      "t": "rot",
      "d": 22.75,
      "init": [
        0,
        0,
        0
      ],
      "final": [
        0,
        0,
        180
      ]
    },
    {
      "b": 24.5,
      "eType": "out",
      "eCurve": "quad",
      "t": "pos",
      "d": 1,
      "init": [
        0,
        0,
        -50
      ],
      "final": [
        0,
        0,
        0
      ]
    }
  ],
  "colorNotes": [
    {
      "b": 2,
      "d": 1
    },
    {
      "b": 3,
      "x": 3,
      "c": 1,
      "d": 1
    },
    {
      "b": 4,
      "x": 2,
      "c": 1,
      "d": 1
    },
    {
      "b": 5,
      "x": 1,
      "c": 1,
      "d": 1
    },
    {
      "b": 6,
      "d": 1
    },
    {
      "b": 7,
      "x": 3,
      "c": 1,
      "d": 1
    },
    {
      "b": 8,
      "x": 2,
      "c": 1,
      "d": 1
    },
    {
      "b": 9,
      "x": 1,
      "c": 1,
      "d": 1
    },
    {
      "b": 10,
      "d": 1
    },
    {
      "b": 11,
      "x": 3,
      "c": 1,
      "d": 1
    },
    {
      "b": 12,
      "x": 2,
      "c": 1,
      "d": 1
    },
    {
      "b": 13,
      "x": 1,
      "c": 1,
      "d": 1
    },
    {
      "b": 14,
      "d": 1
    },
    {
      "b": 15,
      "x": 3,
      "c": 1,
      "d": 1
    },
    {
      "b": 16,
      "x": 2,
      "c": 1,
      "d": 1
    },
    {
      "b": 17,
      "x": 1,
      "c": 1,
      "d": 1
    },
    {
      "b": 18,
      "d": 1
    },
    {
      "b": 19,
      "x": 3,
      "c": 1,
      "d": 1
    },
    {
      "b": 20,
      "x": 2,
      "c": 1,
      "d": 1
    },
    {
      "b": 21,
      "x": 1,
      "c": 1,
      "d": 1
    },
    {
      "b": 22,
      "d": 1
    },
    {
      "b": 23,
      "x": 3,
      "c": 1,
      "d": 1
    },
    {
      "b": 24,
      "x": 2,
      "c": 1,
      "d": 1
    },
    {
      "b": 25,
      "x": 1,
      "c": 1,
      "d": 1
    },
    {
      "b": 26,
      "d": 1
    },
    {
      "b": 27,
      "x": 3,
      "c": 1,
      "d": 1
    }
  ],
  "bombNotes": [],
  "obstacles": [],
  "sliders": [],
  "burstSliders": [],
  "waypoints": [],
  "basicBeatmapEvents": [],
  "colorBoostBeatmapEvents": [],
  "lightColorEventBoxGroups": [],
  "lightRotationEventBoxGroups": [],
  "lightTranslationEventBoxGroups": [],
  "vfxEventBoxGroups": [],
  "_fxEventsCollection": {
    "_il": [],
    "_fl": []
  },
  "basicEventTypesWithKeywords": {
    "d": []
  },
  "useNormalEventsAsCompatibleEvents": true,
  "customData": {
    "time": 2.485
  }
}